<?xml version="1.0" encoding="UTF-8"?>
<project-private xmlns="http://www.netbeans.org/ns/project-private/1">
    <editor-bookmarks xmlns="http://www.netbeans.org/ns/editor-bookmarks/2" lastBookmarkId="0"/>
    <open-files xmlns="http://www.netbeans.org/ns/projectui-open-files/2">
        <group>
            <file>file:/C:/Users/Mohammed/Documents/NetBeansProjects/testui1/src/project1/AccountsController.java</file>
            <file>file:/C:/Users/Mohammed/Documents/NetBeansProjects/testui1/src/project1/homeStartController.java</file>
            <file>file:/C:/Users/Mohammed/Documents/NetBeansProjects/testui1/src/project1/takes.fxml</file>
            <file>file:/C:/Users/Mohammed/Documents/NetBeansProjects/testui1/src/project1/login.fxml</file>
            <file>file:/C:/Users/Mohammed/Documents/NetBeansProjects/testui1/src/project1/councilController.java</file>
            <file>file:/C:/Users/Mohammed/Documents/NetBeansProjects/testui1/src/project1/student.fxml</file>
            <file>file:/C:/Users/Mohammed/Documents/NetBeansProjects/testui1/src/project1/AddNewStudentController.java</file>
            <file>file:/C:/Users/Mohammed/Documents/NetBeansProjects/testui1/src/project1/v_add_new_student.fxml</file>
            <file>file:/C:/Users/Mohammed/Documents/NetBeansProjects/testui1/src/project1/Add_lectureController.java</file>
            <file>file:/C:/Users/Mohammed/Documents/NetBeansProjects/testui1/src/project1/V_edit_studentController.java</file>
            <file>file:/C:/Users/Mohammed/Documents/NetBeansProjects/testui1/src/project1/editCouncel$addCouncelController.java</file>
            <file>file:/C:/Users/Mohammed/Documents/NetBeansProjects/testui1/src/project1/accounts.fxml</file>
            <file>file:/C:/Users/Mohammed/Documents/NetBeansProjects/testui1/src/project1/EditStudentController.java</file>
            <file>file:/C:/Users/Mohammed/Documents/NetBeansProjects/testui1/src/project1/LoginController.java</file>
            <file>file:/C:/Users/Mohammed/Documents/NetBeansProjects/testui1/src/project1/userui.fxml</file>
            <file>file:/C:/Users/Mohammed/Documents/NetBeansProjects/testui1/src/project1/hamestart.fxml</file>
            <file>file:/C:/Users/Mohammed/Documents/NetBeansProjects/testui1/src/project1/EditStudent.fxml</file>
            <file>file:/C:/Users/Mohammed/Documents/NetBeansProjects/testui1/src/project1/NewMain.java</file>
            <file>file:/C:/Users/Mohammed/Documents/NetBeansProjects/testui1/src/project1/v_student.fxml</file>
            <file>file:/C:/Users/Mohammed/Documents/NetBeansProjects/testui1/src/project1/v_edit_student.fxml</file>
            <file>file:/C:/Users/Mohammed/Documents/NetBeansProjects/testui1/src/project1/database.java</file>
            <file>file:/C:/Users/Mohammed/Documents/NetBeansProjects/testui1/src/project1/addNewStudent.fxml</file>
            <file>file:/C:/Users/Mohammed/Documents/NetBeansProjects/testui1/src/project1/add_lecture.fxml</file>
            <file>file:/C:/Users/Mohammed/Documents/NetBeansProjects/testui1/src/project1/edit_lecture.fxml</file>
            <file>file:/C:/Users/Mohammed/Documents/NetBeansProjects/testui1/src/project1/alldata.java</file>
            <file>file:/C:/Users/Mohammed/Documents/NetBeansProjects/testui1/src/project1/TakesController.java</file>
            <file>file:/C:/Users/Mohammed/Documents/NetBeansProjects/testui1/src/project1/edit_councel&amp;addcouncel.fxml</file>
            <file>file:/C:/Users/Mohammed/Documents/NetBeansProjects/testui1/src/project1/StudentController.java</file>
            <file>file:/C:/Users/Mohammed/Documents/NetBeansProjects/testui1/src/project1/UseruiController.java</file>
            <file>file:/C:/Users/Mohammed/Documents/NetBeansProjects/testui1/src/project1/LectureController.java</file>
            <file>file:/C:/Users/Mohammed/Documents/NetBeansProjects/testui1/src/project1/V_add_new_studentController.java</file>
            <file>file:/C:/Users/Mohammed/Documents/NetBeansProjects/testui1/src/css/fullpackstyling.css</file>
            <file>file:/C:/Users/Mohammed/Documents/NetBeansProjects/testui1/src/project1/council.fxml</file>
            <file>file:/C:/Users/Mohammed/Documents/NetBeansProjects/testui1/src/project1/lecture.fxml</file>
            <file>file:/C:/Users/Mohammed/Documents/NetBeansProjects/testui1/src/project1/Edit_lectureController.java</file>
            <file>file:/C:/Users/Mohammed/Documents/NetBeansProjects/testui1/src/project1/V_studentController.java</file>
        </group>
    </open-files>
</project-private>
