insert into council values('ÇáİŞå','ÎÇáÏ','ÔÑÍ ÇáİŞå','ßÊÇÈ ÇáİŞå','ãÓÌÏ ÇÈæ ÈßÑ ÇáÕÏíŞ');
insert into council values('ÇáŞÑÇä','ÓÇãÍ','ÔÑÍ ÇáŞÑÇä','ÇáãÕÍİ','ãÓÌÏ ÇáÔÇİÚí');
insert into council values('ÇáÍÏíË','ãÍãÏ','ÇÍÇÏíË ÇáäÈí','ÇáÈÎÇÑí','ãÓÌÏ ÇáÒíÊæä');


insert into student values('ÇÈÑÇåíã ãÍãÏ ÇÍãÏ ÇÍãÏ', 'ÑİÍ');
insert into student values('ÎÇáÏ ãÍãÏ ÇÍãÏ ÎÇáÏ', 'ÎÇäíæäÓ');
insert into student values('ÓÚíÏ ãÍãÏ ÇÍãÏ ÇÍãÏ', 'ÛÒÉ');
insert into student values('ãÍãÏ ãÍãÏ ÇÍãÏ ÇÍãÏ', 'ÇáäÕÑ');

insert into student_phone values('ÇÈÑÇåíã ãÍãÏ ÇÍãÏ ÇÍãÏ','055551');
insert into student_phone values('ÎÇáÏ ãÍãÏ ÇÍãÏ ÎÇáÏ','055552');
insert into student_phone values('ãÍãÏ ãÍãÏ ÇÍãÏ ÇÍãÏ','055553');


insert into student_phone values('ÇÈÑÇåíã ãÍãÏ ÇÍãÏ ÇÍãÏ','0555511');
insert into student_phone values('ÎÇáÏ ãÍãÏ ÇÍãÏ ÎÇáÏ','0555522');
insert into student_phone values('ãÍãÏ ãÍãÏ ÇÍãÏ ÇÍãÏ','0555533');


insert into std_council values('ÓÚíÏ ãÍãÏ ÇÍãÏ ÇÍãÏ', 'ÇáİŞå');
insert into std_council  values('ÎÇáÏ ãÍãÏ ÇÍãÏ ÎÇáÏ','ÇáİŞå');
insert into std_council values('ãÍãÏ ãÍãÏ ÇÍãÏ ÇÍãÏ','ÇáİŞå');
insert into std_council values('ÓÚíÏ ãÍãÏ ÇÍãÏ ÇÍãÏ', 'ÇáÍÏíË');
insert into std_council values('ÇÈÑÇåíã ãÍãÏ ÇÍãÏ ÇÍãÏ', 'ÇáÍÏíË');
insert into std_council values('ÓÚíÏ ãÍãÏ ÇÍãÏ ÇÍãÏ', 'ÇáŞÑÇä');
insert into std_council  values('ÎÇáÏ ãÍãÏ ÇÍãÏ ÎÇáÏ','ÇáŞÑÇä');



insert into lecture values ('ÇáİŞå',1,'ÇáãÍÇÖÑÉ ÇáÇæáì','ãÓÌÏ ÇÈæ ÈßÑ ÇáÕÏíŞ');
insert into lecture values ('ÇáİŞå',2,'ÇáãÍÇÖÑÉ ÇáËÇäíÉ','ãÓÌÏ ÇÈæ ÈßÑ ÇáÕÏíŞ');
insert into lecture values ('ÇáİŞå',3,'ÇáãÍÇÖÑÉ ÇáËÇáËÉ','ãÓÌÏ ÇÈæ ÈßÑ ÇáÕÏíŞ');
insert into lecture values ('ÇáİŞå',4,'ÇáãÍÇÖÑÉ ÇáÑÇÈÚÉ','ãÓÌÏ ÇÈæ ÈßÑ ÇáÕÏíŞ');
insert into lecture values ('ÇáİŞå',5,'ÇáãÍÇÖÑÉ ÇáÎÇãÓÉ','ãÓÌÏ ÇÈæ ÈßÑ ÇáÕÏíŞ');



insert into lecture values ('ÇáÍÏíË',1,'ÇáãÍÇÖÑÉ ÇáÇæáì','ãÓÌÏ ÇáÒíÊæä');
insert into lecture values ('ÇáÍÏíË',2,'ÇáãÍÇÖÑÉ ÇáËÇäíÉ','ãÓÌÏ ÇáÒíÊæä');
insert into lecture values ('ÇáÍÏíË',3,'ÇáãÍÇÖÑÉ ÇáËÇáËÉ','ãÓÌÏ ÇáÒíÊæä');
insert into lecture values ('ÇáÍÏíË',4,'ÇáãÍÇÖÑÉ ÇáÑÇÈÚÉ','ãÓÌÏ ÇáÚãÑí');
insert into lecture values ('ÇáÍÏíË',5,'ÇáãÍÇÖÑÉ ÇáÎÇãÓÉ','ãÓÌÏ ÇáÒíÊæä');



insert into  takes values('ÓÚíÏ ãÍãÏ ÇÍãÏ ÇÍãÏ','ÇáİŞå',1);
insert into  takes values('ÓÚíÏ ãÍãÏ ÇÍãÏ ÇÍãÏ','ÇáİŞå',2);
insert into  takes values('ÓÚíÏ ãÍãÏ ÇÍãÏ ÇÍãÏ','ÇáİŞå',3);
insert into  takes values('ÓÚíÏ ãÍãÏ ÇÍãÏ ÇÍãÏ','ÇáİŞå',4);
insert into  takes values('ÓÚíÏ ãÍãÏ ÇÍãÏ ÇÍãÏ','ÇáİŞå',5);

insert into  takes values('ÎÇáÏ ãÍãÏ ÇÍãÏ ÎÇáÏ','ÇáİŞå',1);
insert into  takes values('ÎÇáÏ ãÍãÏ ÇÍãÏ ÎÇáÏ','ÇáİŞå',2);
insert into  takes values('ÎÇáÏ ãÍãÏ ÇÍãÏ ÎÇáÏ','ÇáİŞå',3);



insert into  takes values('ÓÚíÏ ãÍãÏ ÇÍãÏ ÇÍãÏ','ÇáÍÏíË',1);
insert into  takes values('ÓÚíÏ ãÍãÏ ÇÍãÏ ÇÍãÏ','ÇáÍÏíË',2);
insert into  takes values('ÓÚíÏ ãÍãÏ ÇÍãÏ ÇÍãÏ','ÇáÍÏíË',3);

insert into  takes values('ÇÈÑÇåíã ãÍãÏ ÇÍãÏ ÇÍãÏ','ÇáÍÏíË',1);
insert into  takes values('ÇÈÑÇåíã ãÍãÏ ÇÍãÏ ÇÍãÏ','ÇáÍÏíË',2);
insert into  takes values('ÇÈÑÇåíã ãÍãÏ ÇÍãÏ ÇÍãÏ','ÇáÍÏíË',3);

--m ÊÚäí ãÓÄæá    
--v ÊÚäí ãÊØæÚ
insert into users values('ahmed','1234','m');
insert into users values('ahmed2','1234','v');

insert into user_council values ('ahmed2','ÇáİŞå');
insert into user_council values ('ahmed2','ÇáÍÏíË')
